{
    "products": [
    {
        "id": 1,
        "title": "Apple new mac book 2015 March :P",
        "detail": "Lorem ipsum dolor sit amet, consectetur adipiscing elit. Nam tristique, diam in consequat iaculis, est purus iaculis mauris, imperdiet facilisis ante ligula at nulla. Quisque volutpat nulla risus, id maximus ex aliquet ut. Suspendisse potenti. Nulla varius lectus id turpis dignissim porta. Quisque magna arcu, blandit quis felis vehicula, feugiat gravida diam. Nullam nec turpis ligula. Aliquam quis blandit elit, ac sodales nisl. Aliquam eget dolor eget elit malesuada aliquet. In varius lorem lorem, semper bibendum lectus lobortis ac. Mauris placerat vitae lorem gravida viverra. Mauris in fringilla ex. Nulla facilisi. Etiam scelerisque tincidunt quam facilisis lobortis. In malesuada pulvinar neque a consectetur. Nunc aliquam gravida purus, non malesuada sem accumsan in. Morbi vel sodales libero.",
        "Price": 999.00,
        "color": "",
        "discount": 899.00,
        "photo": "../../assets/img/product-2.jpg"
      },
      {
        "id": 2,
        "title": "Apple new mac book 2015 March :P",
        "detail": "Lorem ipsum dolor sit amet, consectetur adipiscing elit. Nam tristique, diam in consequat iaculis, est purus iaculis mauris, imperdiet facilisis ante ligula at nulla. Quisque volutpat nulla risus, id maximus ex aliquet ut. Suspendisse potenti. Nulla varius lectus id turpis dignissim porta. Quisque magna arcu, blandit quis felis vehicula, feugiat gravida diam. Nullam nec turpis ligula. Aliquam quis blandit elit, ac sodales nisl. Aliquam eget dolor eget elit malesuada aliquet. In varius lorem lorem, semper bibendum lectus lobortis ac. Mauris placerat vitae lorem gravida viverra. Mauris in fringilla ex. Nulla facilisi. Etiam scelerisque tincidunt quam facilisis lobortis. In malesuada pulvinar neque a consectetur. Nunc aliquam gravida purus, non malesuada sem accumsan in. Morbi vel sodales libero.",
        "Price": 999.00,
        "color": "",
        "discount": 899.00,
        "photo": "../../assets/img/product-1.jpg"
      },
      {
        "id": 3,
        "title": "Apple new mac book 2015 March :P",
        "detail":"Sport trainer",
        "Price": 999.00,
        "color": "Red",
        "discount": 899.00,
        "photo": "../../assets/img/product-3.jpg"
      },
      {
        "id": 4,
        "title": "Apple new mac book 2015 March :P",
        "detail": "product 4 is Lorem ipsum dolor sit amet, consectetur adipiscing elit. Nam tristique, diam in consequat iaculis, est purus iaculis mauris, imperdiet facilisis ante ligula at nulla. Quisque volutpat nulla risus, id maximus ex aliquet ut. Suspendisse potenti. Nulla varius lectus id turpis dignissim porta. Quisque magna arcu, blandit quis felis vehicula, feugiat gravida diam. Nullam nec turpis ligula. Aliquam quis blandit elit, ac sodales nisl. Aliquam eget dolor eget elit malesuada aliquet. In varius lorem lorem, semper bibendum lectus lobortis ac. Mauris placerat vitae lorem gravida viverra. Mauris in fringilla ex. Nulla facilisi. Etiam scelerisque tincidunt quam facilisis lobortis. In malesuada pulvinar neque a consectetur. Nunc aliquam gravida purus, non malesuada sem accumsan in. Morbi vel sodales libero.",
        "Price": 999.00,
        "color": "Red",
        "discount": 899.00,
        "photo": "../../assets/img/product-4.jpg"
      },
      {
        "id":5,
        "title": "Apple new mac book 2015 March :P",
        "detail": "",
        "Price": 999.00,
        "color": "",
        "discount": 899.00,
        "photo": "../../assets/img/product-2.jpg"
      },
      {
        "id": 6,
        "title": "Apple new mac book 2015 March :P",
        "detail":"",
        "Price": 999.00,
        "color": "",
        "discount": 899.00,
        "photo": "../../assets/img/product-1.jpg"
      },
      {
        "id": 7,
        "title": "Apple new mac book 2015 March :P",
        "detail":"Sport trainer",
        "Price": 999.00,
        "color": "Red",
        "discount": 899.00,
        "photo": "../../assets/img/product-3.jpg"
      },
      {
        "id": 8,
        "title": "Apple new mac book 2015 March :P",
        "detail": "",
        "Price": 999.00,
        "color": "Red",
        "discount": 899.00,
        "photo": "../../assets/img/product-4.jpg"
      },
      {
        "id": 9,
        "title": "Apple new mac book 2015 March :P",
        "detail": "",
        "Price": 999.00,
        "color": "",
        "discount": 899.00,
        "photo": "../../assets/img/product-2.jpg"
      },
      {
        "id": 10,
        "title": "Apple new mac book 2015 March :P",
        "detail":"",
        "Price": 999.00,
        "color": "",
        "discount": 899.00,
        "photo": "../../assets/img/product-1.jpg"
      },
      {
        "id": 11,
        "title": "Apple new mac book 2015 March :P",
        "detail":"Sport trainer",
        "Price": 999.00,
        "color": "Red",
        "discount": 899.00,
        "photo": "../../assets/img/product-3.jpg"
      },
      {
        "id": 12,
        "title": "Apple new mac book 2015 March :P",
        "detail": "",
        "Price": 999.00,
        "color": "Red",
        "discount": 899.00,
        "photo": "../../assets/img/product-4.jpg"
      }
    ]
}